"SEX","wt.mean","wt.sd","ct"
"F",3309.73261824415,465.294190239774,74676
"M",3435.29832003632,485.271510652878,77085
